nombre,codigo,categoria,factor_peso
100 AÑOS BLANCO,TEQU001,TEQUILA,0.95
100 AÑOS REPOSADO ETIQUETA AZUL,TEQU002,TEQUILA,0.95
1519 BLANCO,TEQU003,TEQUILA,0.95
1921 CLASICA,LICO001,LICOR,1.1
1921 IRRESISTIBLE,LICO002,LICOR,1.1
400 CONEJOS ESPADIN TOBALA,MEZC002,MEZCAL,0.95
400 CONEJOS JOVEN,MEZC001,MEZCAL,0.95
400 CONEJOS REPOSADO,MEZC003,MEZCAL,0.95
7 LEGUAS AÑEJO,TEQU004,TEQUILA,0.95
7 LEGUAS BLANCO,TEQU005,TEQUILA,0.95
7 LEGUAS DE ANTAÑO EXTRA AÑEJO,TEQU006,TEQUILA,0.95
7 LEGUAS REPOSADO,TEQU007,TEQUILA,0.95
7 LEGUAS SINGLE BARREL,TEQU008,TEQUILA,0.95
ABSINTH GREEN TREE FAIRY,LICO003,LICOR,1.1
ABSINTH RUSTIC,LICO004,LICOR,1.1
ABSINTH STRAWBERRY,LICO005,LICOR,1.1
ABSOLUT BLUE,VODK001,VODKA,0.95
ABSOLUT CITRON,VODK002,VODKA,0.95
ABSOLUT ELYX,VODK003,VODKA,0.95
ABSOLUT EXTRAKT,VODK004,VODKA,0.95
ABSOLUT LIME,VODK005,VODKA,0.95
ABSOLUT MANDARIN,VODK006,VODKA,0.95
ABSOLUT MANGO,VODK007,VODKA,0.95
ABSOLUT PEARS,VODK008,VODKA,0.95
ABSOLUT RAINBOW,VODK009,VODKA,0.95
ABSOLUT RASPBERRI,VODK010,VODKA,0.95
ABSOLUT VANILLA,VODK011,VODKA,0.95
ADICTIVO AÑEJO,TEQU009,TEQUILA,0.95
ADICTIVO EXTRA AÑEJO,TEQU010,TEQUILA,0.95
ADICTIVO PLATA,TEQU011,TEQUILA,0.95
ADICTIVO REPOSADO,TEQU012,TEQUILA,0.95
AGAVERO,LICO006,LICOR,1.1
AGUA MALDITA,MEZC004,MEZCAL,0.95
AGUAS MANSAS,MEZC005,MEZCAL,0.95
ALACRAN BLANCO,TEQU013,TEQUILA,0.95
ALACRAN CRISTAL AÑEJO,TEQU014,TEQUILA,0.95
ALACRAN EXTRA AÑEJO,TEQU015,TEQUILA,0.95
ALACRAN JOVEN,MEZC006,MEZCAL,0.95
ALACRAN REPOSADO,TEQU016,TEQUILA,0.95
ALACRAN ZACATE LIMON,MEZC007,MEZCAL,0.95
ALBERFELDY 12,WHIS001,WHISKY,0.95
ALGUSTO,BRAN001,BRANDY,0.95
ALIPUS SAN ANDRES,MEZC008,MEZCAL,0.95
ALIPUS SAN BALTAZAR,MEZC009,MEZCAL,0.95
ALIPUS SAN JUAN,MEZC010,MEZCAL,0.95
ALIPUS SAN MIGUEL,MEZC011,MEZCAL,0.95
ALIPUS SANTA ANA,MEZC012,MEZCAL,0.95
ALMA DE MAGNO,BRAN002,BRANDY,0.95
AMARO AVERNA,LICO007,LICOR,1.1
AMORES CUPREATA,MEZC013,MEZCAL,0.95
AMORES JOVEN,MEZC014,MEZCAL,0.95
AMORES LOGIA,MEZC015,MEZCAL,0.95
AMORES REPOSADO,MEZC016,MEZCAL,0.95
ANCHO REYES,LICO008,LICOR,1.1
ANCHO REYES VERDE,LICO009,LICOR,1.1
ANIS DEL MONO DULCE,LICO010,LICOR,1.1
ANIS DEL MONO SECO,LICO011,LICOR,1.1
ANIS DOMECQ DULCE,LICO012,LICOR,1.1
ANIS DOMECQ SECO,LICO013,LICOR,1.1
ANIS MICO DULCE,LICO014,LICOR,1.1
ANTIGUO DE HERRADURA CRISTALINO,TEQU229,TEQUILA,0.95
ANTIGUO DE HERRADURA PLATA,TEQU017,TEQUILA,0.95
ANTIGUO DE HERRADURA REPOSADO,TEQU018,TEQUILA,0.95
APER PEYCHAUDS,LICO015,LICOR,1.1
APER PEYCHAUDS BITTERS,LICO016,LICOR,1.1
APEROL,LICO017,LICOR,1.1
APPLETON ESTATE,RONE001,RON,0.95
APPLETON ESTATE 12,RONE002,RON,0.95
APPLETON ESTATE 21,RONE003,RON,0.95
APPLETON ESTATE RESERVE BLEND,RONE004,RON,0.95
APPLETON SPECIAL,RONE005,RON,0.95
APPLETON WHITE,RONE006,RON,0.95
APRENDIZ JOVEN ESPADIN,MEZC017,MEZCAL,0.95
ARDBEG 10,WHIS002,WHISKY,0.95
ARETTE ARTESANAL SUAVE BLANCO,TEQU020,TEQUILA,0.95
ARETTE ARTESANAL SUAVE REPOSADO,TEQU021,TEQUILA,0.95
ARETTE AÑEJO,TEQU019,TEQUILA,0.95
ARETTE BLANCO,TEQU022,TEQUILA,0.95
ARETTE GRAN CLASE EXTRA AÑEJO,TEQU023,TEQUILA,0.95
ARETTE REPOSADO,TEQU024,TEQUILA,0.95
AZTECA DE ORO,BRAN003,BRANDY,0.95
BACADI CARTA BLANCA,RONE007,RON,0.95
BACARDI 8,RONE008,RON,0.95
BACARDI AÑEJO,RONE009,RON,0.95
BACARDI CARTA ORO,RONE010,RON,0.95
BACARDI GRAN AÑEJO,RONE011,RON,0.95
BACARDI LIMON,RONE012,RON,0.95
BACARDI OAKHEART,RONE013,RON,0.95
BACARDI RAZZ,RONE014,RON,0.95
BACARDI SOLERA,RONE015,RON,0.95
BAILEYS,LICO018,LICOR,1.1
BAILEYS DULCE DE LECHE,LICO019,LICOR,1.1
BALLANTINES 12,WHIS003,WHISKY,0.95
BALLANTINES FINEST,WHIS004,WHISKY,0.95
BARAIMA BLANCO,RONE016,RON,0.95
BARAIMA BLANCO 3,RONE017,RON,0.95
BARAIMA GRAN RESERVA 10,RONE018,RON,0.95
BARAIMA GRAN RESERVA LIMITADA,RONE019,RON,0.95
BARAIMA RESERVA 8,RONE020,RON,0.95
BARAIMA SPICED,RONE021,RON,0.95
BASARANA 20,LICO020,LICOR,1.1
BEEFEATER,GINE001,GINEBRA,0.95
BEEFEATER 24,GINE002,GINEBRA,0.95
BEEFEATER PINK,GINE003,GINEBRA,0.95
BEEFEATER WINTER EDITION,GINE004,GINEBRA,0.95
BELLS,WHIS005,WHISKY,0.95
BELVEDERE,VODK012,VODKA,0.95
BERTRAMS,BRAN004,BRANDY,0.95
BLACK & WHITE,WHIS006,WHISKY,0.95
BLOOM LONDON DRY,GINE005,GINEBRA,0.95
BOLS GENEVER,GINE006,GINEBRA,0.95
BOMBAY SAPPHIRE,GINE007,GINEBRA,0.95
BOODLES LONDON DRY,GINE008,GINEBRA,0.95
BOODLES MULBERRY,GINE009,GINEBRA,0.95
BOTANIC KISS,GINE010,GINEBRA,0.95
BOTANIC PREMIUM,GINE011,GINEBRA,0.95
BOTRAN 8,RONE022,RON,0.95
BOTRAN AÑEJO 12,RONE023,RON,0.95
BOTRAN RESERVA 15,RONE024,RON,0.95
BOTRAN RESERVA BLANCA,RONE025,RON,0.95
BOTRAN SOLERA GRAN RESERVA 18,RONE026,RON,0.95
BRUICHLADDICH,WHIS007,WHISKY,0.95
BRUICHLADDICH CHARLOTTE,WHIS008,WHISKY,0.95
BRUXO 1,MEZC018,MEZCAL,0.95
BRUXO 2,MEZC019,MEZCAL,0.95
BRUXO 3,MEZC020,MEZCAL,0.95
BRUXO 4,MEZC021,MEZCAL,0.95
BRUXO 5,MEZC022,MEZCAL,0.95
BRUXO RECETA INICIAL,MEZC023,MEZCAL,0.95
BUCHANANS 12,WHIS009,WHISKY,0.95
BUCHANANS 18,WHIS010,WHISKY,0.95
BUCHANANS MASTER,WHIS011,WHISKY,0.95
BUCHANANS RED SEAL,WHIS012,WHISKY,0.95
BUENBICHO JOVEN,MEZC024,MEZCAL,0.95
BULLDOG,GINE012,GINEBRA,0.95
BULLEIT,WHIS013,WHISKY,0.95
BUSHMILLS 10,WHIS014,WHISKY,0.95
BUSHMILLS 16,WHIS015,WHISKY,0.95
BUSHMILLS 21,WHIS016,WHISKY,0.95
BUSHMILLS BLACK BUSH,WHIS017,WHISKY,0.95
BYAS 12,BRAN005,BRANDY,0.95
CABRITO REPOSADO,TEQU025,TEQUILA,0.95
CAMPARI,LICO021,LICOR,1.1
CAMPO AZUL CRISTALINO AÑEJO,TEQU026,TEQUILA,0.95
CAMPO AZUL DIAMANTE,TEQU027,TEQUILA,0.95
CAMPO AZUL EXTRA AÑEJO,TEQU028,TEQUILA,0.95
CAMPO AZUL PREMIUM REPOSADO,TEQU029,TEQUILA,0.95
CAMPO AZUL REPOSADO,TEQU030,TEQUILA,0.95
CAMPO AZUL SELECTO AÑEJO,TEQU031,TEQUILA,0.95
CAMPO AZUL SELECTO BLANCO,TEQU032,TEQUILA,0.95
CAMPO AZUL SELECTO REPOSADO,TEQU033,TEQUILA,0.95
CANTINERO REPOSADO,TEQU034,TEQUILA,0.95
CAPTAIN MORGAN,RONE027,RON,0.95
CAPTAIN MORGAN WHITE,RONE028,RON,0.95
CARDENAL DE MENDOZA GRAN RESERVA,BRAN006,BRANDY,0.95
CARDHU 12,WHIS018,WHISKY,0.95
CARDHU 15,WHIS019,WHISKY,0.95
CARLOS I,BRAN007,BRANDY,0.95
CARLOS I IMPERIAL,BRAN008,BRANDY,0.95
CAROLANS,LICO022,LICOR,1.1
CASA DRAGONES BLANCO,TEQU035,TEQUILA,0.95
CASA DRAGONES JOVEN,TEQU036,TEQUILA,0.95
CASA NOBLE AÑEJO,TEQU037,TEQUILA,0.95
CASA NOBLE CRYSTAL,TEQU038,TEQUILA,0.95
CASA NOBLE REPOSADO,TEQU039,TEQUILA,0.95
CASCAHUIN BLANCO,TEQU040,TEQUILA,0.95
CASCAHUIN EXTRA AÑEJO,TEQU041,TEQUILA,0.95
CASCAHUIN PLATA,TEQU042,TEQUILA,0.95
CASCAHUIN REPOSADO,TEQU043,TEQUILA,0.95
CASCAHUIN TAHONA BLANCO,TEQU044,TEQUILA,0.95
CAZADORES AÑEJO,TEQU045,TEQUILA,0.95
CAZADORES BLANCO,TEQU046,TEQUILA,0.95
CAZADORES REPOSADO,TEQU047,TEQUILA,0.95
CENTINELA 1904 AÑEJO,TEQU048,TEQUILA,0.95
CENTINELA 1904 AÑEJO 3 AÑOS,TEQU049,TEQUILA,0.95
CENTINELA 1904 BLANCO,TEQU050,TEQUILA,0.95
CENTINELA 1904 REPOSADO,TEQU051,TEQUILA,0.95
CENTINELA CLASICO BLANCO,TEQU052,TEQUILA,0.95
CENTINELA CLASICO REPOSADO,TEQU053,TEQUILA,0.95
CENTINELA ETERNO CRISTALINO,TEQU054,TEQUILA,0.95
CHARTREUSE AMARILLO,LICO078,LICOR,1.1
CHARTREUSE VERDE,LICO079,LICOR,1.1
CHERRY MARNIER,LICO023,LICOR,1.1
CHINCHON CAMPECHANO,LICO024,LICOR,1.1
CHINCHON DULCE,LICO025,LICOR,1.1
CHINCHON SECO,LICO026,LICOR,1.1
CHIVAS REGAL 12,WHIS020,WHISKY,0.95
CHIVAS REGAL 18,WHIS021,WHISKY,0.95
CHIVAS REGAL 25,WHIS022,WHISKY,0.95
CHIVAS REGAL EXTRA,WHIS023,WHISKY,0.95
CHIVAS REGAL ULTIS,WHIS024,WHISKY,0.95
CHOYA UMESHU,LICO027,LICOR,1.1
CINZANO BIANCO,LICO028,LICOR,1.1
CINZANO EXTRA DRY,LICO029,LICOR,1.1
CINZANO ROSSO,LICO030,LICOR,1.1
CIROC,VODK013,VODKA,0.95
CITADELLE,GINE013,GINEBRA,0.95
CLAN MACGREGOR,WHIS025,WHISKY,0.95
CLANSMAN,WHIS026,WHISKY,0.95
CLASE AZUL AÑEJO,TEQU055,TEQUILA,0.95
CLASE AZUL AÑEJO ULTRA,TEQU056,TEQUILA,0.95
CLASE AZUL CENIZO,MEZC025,MEZCAL,0.95
CLASE AZUL PLATA,TEQU057,TEQUILA,0.95
CLASE AZUL REPOSADO,TEQU058,TEQUILA,0.95
COINTREAU,LICO031,LICOR,1.1
CONTI,LICO032,LICOR,1.1
CONTRALUZ AÑEJO CRISTALINO,MEZC026,MEZCAL,0.95
CONTROY,LICO033,LICOR,1.1
CORALEJO TRIPLE DESTILADO,TEQU059,TEQUILA,0.95
CORRALEJO AÑEJO,TEQU060,TEQUILA,0.95
CORRALEJO BLANCO,TEQU061,TEQUILA,0.95
CORRALEJO REPOSADO,TEQU062,TEQUILA,0.95
COURVOISIER VS,CONA001,COGNAC,0.95
COURVOISIER VSOP,CONA002,COGNAC,0.95
CRAGGANMORE 12,WHIS027,WHISKY,0.95
CREYENTE JOVEN,MEZC027,MEZCAL,0.95
CUERVO 1800 AÑEJO,TEQU063,TEQUILA,0.95
CUERVO 1800 BLANCO,TEQU064,TEQUILA,0.95
CUERVO 1800 CRISTALINO,TEQU065,TEQUILA,0.95
CUERVO 1800 REPOSADO,TEQU066,TEQUILA,0.95
CUERVO 1800 VERDANO BLANCO,TEQU067,TEQUILA,0.95
CUERVO 250,TEQU068,TEQUILA,0.95
CUERVO ESPECIAL,TEQU069,TEQUILA,0.95
CUERVO ESPECIAL PLATA,TEQU070,TEQUILA,0.95
CUERVO GRAN CENTENARIO 40,TEQU071,TEQUILA,0.95
CUERVO GRAN CENTENARIO AZUL,TEQU073,TEQUILA,0.95
CUERVO GRAN CENTENARIO AÑEJO,TEQU072,TEQUILA,0.95
CUERVO GRAN CENTENARIO LEYENDA,TEQU074,TEQUILA,0.95
CUERVO GRAN CENTENARIO PLATA,TEQU075,TEQUILA,0.95
CUERVO GRAN CENTENARIO REPOSADO,TEQU076,TEQUILA,0.95
CUERVO RESERVA DE LA FAMILIA EXTRA AÑEJO,TEQU077,TEQUILA,0.95
CUERVO RESERVA DE LA FAMILIA PLATINO,TEQU078,TEQUILA,0.95
CUERVO RESERVA DE LA FAMILIA REPOSADO,TEQU079,TEQUILA,0.95
CUERVO TRADICIONAL PLATA,TEQU080,TEQUILA,0.95
CUERVO TRADICIONAL REPOSADO,TEQU081,TEQUILA,0.95
CUERVO TRADICIONAL REPOSADO CRISTALINO,TEQU082,TEQUILA,0.95
CYNAR,LICO034,LICOR,1.1
DALMORE 15,WHIS028,WHISKY,0.95
DALMORE 18,WHIS029,WHISKY,0.95
DAMIANA GUAYCURA,LICO035,LICOR,1.1
DE KUYPER ISLAND BLUE,LICO036,LICOR,1.1
DE KUYPER PEACH,LICO037,LICOR,1.1
DE KUYPER PINEAPPLE,LICO038,LICOR,1.1
DE KUYPER SOUR APPLE,LICO039,LICOR,1.1
DE KUYPER STRAWBERRY,LICO040,LICOR,1.1
DE KUYPER WATERMELON,LICO041,LICOR,1.1
DEL MAGUEY VIDA,MEZC028,MEZCAL,0.95
DELALUZ BLANCO,TEQU083,TEQUILA,0.95
DELALUZ REPOSADO,TEQU084,TEQUILA,0.95
DEWARS 12,WHIS030,WHISKY,0.95
DEWARS 15,WHIS031,WHISKY,0.95
DEWARS 18,WHIS032,WHISKY,0.95
DEWARS SIGNATURE,WHIS033,WHISKY,0.95
DEWARS WHITE LABEL,WHIS034,WHISKY,0.95
DISARONNO,LICO042,LICOR,1.1
DON ARMANDO REPOSADO,MEZC029,MEZCAL,0.95
DON JULIO 1942,TEQU085,TEQUILA,0.95
DON JULIO 70,TEQU086,TEQUILA,0.95
DON JULIO AÑEJO,TEQU087,TEQUILA,0.95
DON JULIO BLANCO,TEQU088,TEQUILA,0.95
DON JULIO REAL AÑEJO,TEQU089,TEQUILA,0.95
DON JULIO REPOSADO,TEQU090,TEQUILA,0.95
DON JULIO REPOSADO CLARO,TEQU091,TEQUILA,0.95
DON JULIO REPOSADO DOS BARRICAS,TEQU092,TEQUILA,0.95
DON PANCHO,LICO043,LICOR,1.1
DON PEDRO CLASICO,BRAN009,BRANDY,0.95
DON PEDRO GRAN RESERVA ESPECIAL,BRAN010,BRANDY,0.95
DON Q AÑEJO,RONE029,RON,0.95
DON Q CRISTAL,RONE030,RON,0.95
DON RAMON PLATINUM,TEQU093,TEQUILA,0.95
DON RAMON PUNTA DIAMANTE,TEQU094,TEQUILA,0.95
DON RAMON REPOSADO,TEQU095,TEQUILA,0.95
DON RAMON RESERVA AÑEJO,TEQU096,TEQUILA,0.95
DON RAMON RESERVA REPOSADO,TEQU097,TEQUILA,0.95
DON ROBERTO AÑEJO CRISTALINO,TEQU098,TEQUILA,0.95
DON ROBERTO GRAN RESERVA BLANCO,TEQU099,TEQUILA,0.95
DON ROBERTO GRAN RESERVA REPOSADO,TEQU100,TEQUILA,0.95
DON ROBERTO PLATA,TEQU101,TEQUILA,0.95
DON ROBERTO ULTRA PREMIUM AÑEJO,TEQU102,TEQUILA,0.95
DON ROBERTO ULTRA PREMIUM PLATA,TEQU103,TEQUILA,0.95
DON ROBERTO ULTRA PREMIUM REPOSADO,TEQU104,TEQUILA,0.95
DRAMBUIE,LICO044,LICOR,1.1
DUBONNET,LICO045,LICOR,1.1
EARLY TIMES,WHIS035,WHISKY,0.95
EL TEQUILEÑO BLANCO,TEQU105,TEQUILA,0.95
EL TEQUILEÑO GRAN RESERVA ESPECIAL REPOSADO,TEQU106,TEQUILA,0.95
EL TEQUILEÑO PLATINUM,TEQU107,TEQUILA,0.95
EL TEQUILEÑO REPOSADO,TEQU108,TEQUILA,0.95
EL TESORO DE DON FELIPE AÑEJO,TEQU109,TEQUILA,0.95
EL TESORO DE DON FELIPE BLANCO,TEQU110,TEQUILA,0.95
EL TESORO DE DON FELIPE PARADISO,TEQU111,TEQUILA,0.95
EL TESORO DE DON FELIPE REPOSADO,TEQU112,TEQUILA,0.95
EL VIEJITO PLATA,TEQU113,TEQUILA,0.95
EL VIEJITO REPOSADO,TEQU114,TEQUILA,0.95
EL ZACATECANO AÑEJO,MEZC030,MEZCAL,0.95
EL ZACATECANO JOVEN,MEZC031,MEZCAL,0.95
EL ZACATECANO JOVEN BLANCO,MEZC032,MEZCAL,0.95
EMBASSY CLUB,WHIS036,WHISKY,0.95
EMPORIO,BRAN011,BRANDY,0.95
ERISTOFF,VODK014,VODKA,0.95
ESPIRITU LAURO JOVEN,MEZC033,MEZCAL,0.95
ESPOLON AÑEJO,TEQU115,TEQUILA,0.95
ESPOLON AÑEJO DOBLE BARRICA BOURBON,TEQU116,TEQUILA,0.95
ESPOLON BLANCO,TEQU117,TEQUILA,0.95
ESPOLON REPOSADO,TEQU118,TEQUILA,0.95
ESPOLON REPOSADO DOBLE BARRICA BOURBON,TEQU119,TEQUILA,0.95
ESPOLON REPOSADO DOBLE BARRICA CHARDONNAY,TEQU120,TEQUILA,0.95
ETERNO AÑEJO,MEZC034,MEZCAL,0.95
ETERNO JOVEN,MEZC035,MEZCAL,0.95
FEENEYS,LICO046,LICOR,1.1
FERNET BRANCA,LICO047,LICOR,1.1
FERREIRA PORTO TAWNY,LICO118,LICOR,1.1
FIFTY POUNDS,GINE014,GINEBRA,0.95
FINLANDIA,VODK015,VODKA,0.95
FLAMINGO CACAO BLANCA,LICO048,LICOR,1.1
FLAMINGO CACAO OSCURA,LICO049,LICOR,1.1
FLAMINGO CARAJILLO,LICO050,LICOR,1.1
FLAMINGO CEREZA,LICO051,LICOR,1.1
FLAMINGO CHABACANO,LICO052,LICOR,1.1
FLAMINGO CURACAO,LICO053,LICOR,1.1
FLAMINGO DURAZNO,LICO054,LICOR,1.1
FLAMINGO FRESA,LICO055,LICOR,1.1
FLAMINGO MELON,LICO056,LICOR,1.1
FLAMINGO MENTA VERDE,LICO057,LICOR,1.1
FLAMINGO NARANJA,LICO058,LICOR,1.1
FLAMINGO PLATANO,LICO059,LICOR,1.1
FLAMINGO TRIPLE SEC,LICO060,LICOR,1.1
FLAMINGO WILD & TASTY ARANDANO,LICO061,LICOR,1.1
FLAMINGO WILD & TASTY FRUTA DE LA PASION,LICO062,LICOR,1.1
FLAMINGO WILD & TASTY MANZANA VERDE,LICO063,LICOR,1.1
FLAMINGO WILD & TASTY SANDIA,LICO064,LICOR,1.1
FLOR DE CAÑA AÑEJO 5,RONE031,RON,0.95
FLOR DE CAÑA BLANCO EXTRA DRY 4,RONE032,RON,0.95
FLOR DE CAÑA CENTENARIO 12,RONE033,RON,0.95
FLOR DE CAÑA CENTENARIO GOLD 18,RONE034,RON,0.95
FLOR DE CAÑA GOLD ORO 4,RONE035,RON,0.95
FLOR DE CAÑA GRAN RESERVA 7,RONE036,RON,0.95
FORTALEZA AÑEJO,TEQU121,TEQUILA,0.95
FORTALEZA BLANCO,TEQU122,TEQUILA,0.95
FORTALEZA REPOSADO,TEQU123,TEQUILA,0.95
FORTY CREEK BARREL SELECT,WHIS037,WHISKY,0.95
FRANGELICO,LICO117,LICOR,1.1
FUCKERMAISTER,LICO065,LICOR,1.1
FUNDADOR,BRAN012,BRANDY,0.95
GALLIANO,LICO066,LICOR,1.1
GENTLEMAN JACK,WHIS038,WHISKY,0.95
GIBSONS,GINE015,GINEBRA,0.95
GIN MARE,GINE016,GINEBRA,0.95
GLENFIDDICH 12,WHIS039,WHISKY,0.95
GLENFIDDICH 15,WHIS040,WHISKY,0.95
GLENFIDDICH 18,WHIS041,WHISKY,0.95
GLENFIDDICH 21,WHIS042,WHISKY,0.95
GLENFIDDICH 26,WHIS043,WHISKY,0.95
GLENGRANT 10,WHIS044,WHISKY,0.95
GLENGRANT 12,WHIS045,WHISKY,0.95
GLENGRANT 16,WHIS046,WHISKY,0.95
GLENGRANT 170,WHIS047,WHISKY,0.95
GLENGRANT 18,WHIS048,WHISKY,0.95
GLENGRANT THE MAJORS RESERVE,WHIS049,WHISKY,0.95
GLENMORANGIE 10,WHIS050,WHISKY,0.95
GLENMORANGIE 12 LASANTA,WHIS051,WHISKY,0.95
GLENMORANGIE 12 QUINTA RUBAN,WHIS052,WHISKY,0.95
GLENMORANGIE 18,WHIS053,WHISKY,0.95
GLENMORANGIE ALLTA,WHIS054,WHISKY,0.95
GLENMORANGIE GRAND VINTAGE,WHIS055,WHISKY,0.95
GLENMORANGIE NECTAR DOR 12,WHIS056,WHISKY,0.95
GLENMORANGIE SPIOS PRIVATE EDITION 9,WHIS057,WHISKY,0.95
GLENMORANGIE THE ORIGINAL,WHIS058,WHISKY,0.95
GOTLAND,VODK016,VODKA,0.95
GRAN DUQUE DE ALBA,BRAN013,BRANDY,0.95
GRAN ORENDAIN AÑEJO,TEQU124,TEQUILA,0.95
GRAN ORENDAIN BLANCO,TEQU125,TEQUILA,0.95
GRAN ORENDAIN EXTRA AÑEJO 3 AÑOS,TEQU126,TEQUILA,0.95
GRAN ORENDAIN REPOSADO,TEQU127,TEQUILA,0.95
GRAN PATRON PIEDRA,TEQU128,TEQUILA,0.95
GRAN PATRON PLATINUM,TEQU129,TEQUILA,0.95
GRAND DOUGLAS,WHIS059,WHISKY,0.95
GRAND DOUGLAS SINGLE MALT,WHIS060,WHISKY,0.95
GRAND MARNIER ROUGE,LICO067,LICOR,1.1
GRAND OLD PARR,WHIS061,WHISKY,0.95
GRAPPA PIAVE,LICO068,LICOR,1.1
GRAPPA VILLA SANDI,LICO069,LICOR,1.1
GREY GOOSE,VODK017,VODKA,0.95
GUSANO ROJO,MEZC036,MEZCAL,0.95
HAVANA CLUB 15,RONE037,RON,0.95
HAVANA CLUB 7,RONE038,RON,0.95
HAVANA CLUB AÑEJO 3,RONE039,RON,0.95
HAVANA CLUB AÑEJO ESPECIAL,RONE040,RON,0.95
HAVANA CLUB SELECCION,RONE041,RON,0.95
HAVANA CLUB TRIBUTO,RONE042,RON,0.95
HECHIZO REPOSADO,MEZC037,MEZCAL,0.95
HENDRICKS,GINE017,GINEBRA,0.95
HENDRICKS ORBIUM,GINE018,GINEBRA,0.95
HENNESSY PARADIS,CONA003,COGNAC,0.95
HENNESSY PARADIS IMPERIAL,CONA004,COGNAC,0.95
HENNESSY RICHARD,CONA005,COGNAC,0.95
HENNESSY VERY SPECIAL,CONA006,COGNAC,0.95
HENNESSY VSOP,CONA007,COGNAC,0.95
HENNESSY XO,CONA008,COGNAC,0.95
HERENCIA DE PLATA AÑEJO,TEQU130,TEQUILA,0.95
HERENCIA DE PLATA BLANCO,TEQU131,TEQUILA,0.95
HERENCIA DE PLATA REPOSADO,TEQU132,TEQUILA,0.95
HERRADURA AÑEJO,TEQU133,TEQUILA,0.95
HERRADURA BLANCO,TEQU134,TEQUILA,0.95
HERRADURA DIRECTO DEL ALAMBIQUE,TEQU135,TEQUILA,0.95
HERRADURA PLATA,TEQU136,TEQUILA,0.95
HERRADURA REPOSADO,TEQU137,TEQUILA,0.95
HERRADURA SELECCION SUPREMA EXTRA AÑEJO,TEQU138,TEQUILA,0.95
HERRADURA SUAVE 35 REPOSADO,TEQU139,TEQUILA,0.95
HERRADURA ULTRA,TEQU140,TEQUILA,0.95
HIGHLAND PARK 12,WHIS062,WHISKY,0.95
HIGHLAND PARK 15,WHIS063,WHISKY,0.95
HIGHLAND WARRIORS,WHIS064,WHISKY,0.95
HORSE GUARDS,GINE019,GINEBRA,0.95
HPNOTIQ,LICO070,LICOR,1.1
IRIS BLANCO,LICO071,LICOR,1.1
IRIS ROJO,LICO072,LICOR,1.1
J&B RARE,WHIS065,WHISKY,0.95
JACK DANIELS,WHIS066,WHISKY,0.95
JACK DANIELS HONEY,WHIS067,WHISKY,0.95
JACK DANIELS SINATRA CENTURY,WHIS068,WHISKY,0.95
JACK DANIELS SINGLE BARREL,WHIS069,WHISKY,0.95
JAGERMEISTER,LICO073,LICOR,1.1
JAGERMEISTER SPICE,LICO074,LICOR,1.1
JAMES KING RED LABEL,WHIS070,WHISKY,0.95
JAMESON,WHIS071,WHISKY,0.95
JARAL DE BARRIO,MEZC038,MEZCAL,0.95
JIM BEAM BLACK LABEL,WHIS072,WHISKY,0.95
JIM BEAM FIRE,WHIS073,WHISKY,0.95
JIM BEAM HONEY,WHIS074,WHISKY,0.95
JIM BEAM WHITE LABEL,WHIS075,WHISKY,0.95
JIMADOR AÑEJO,TEQU141,TEQUILA,0.95
JIMADOR BLANCO,TEQU142,TEQUILA,0.95
JIMADOR REPOSADO,TEQU143,TEQUILA,0.95
JOHN BARR FINEST,WHIS076,WHISKY,0.95
JOHN BARR RESERVE,WHIS077,WHISKY,0.95
JOHN WALKER & SONS ODYSSEY,WHIS078,WHISKY,0.95
JOHNNIE WALKER 18,WHIS079,WHISKY,0.95
JOHNNIE WALKER BLACK LABEL,WHIS080,WHISKY,0.95
JOHNNIE WALKER BLUE LABEL,WHIS081,WHISKY,0.95
JOHNNIE WALKER DOUBLE BLACK,WHIS082,WHISKY,0.95
JOHNNIE WALKER GOLD LABEL RESERVE,WHIS083,WHISKY,0.95
JOHNNIE WALKER GREEN LABEL,WHIS084,WHISKY,0.95
JOHNNIE WALKER KING GEORGE V,WHIS085,WHISKY,0.95
JOHNNIE WALKER RED LABEL,WHIS086,WHISKY,0.95
JOHNNIE WALKER RED RYE,WHIS087,WHISKY,0.95
JURA 10,WHIS088,WHISKY,0.95
KAHLUA TRADICIONAL,LICO075,LICOR,1.1
KALORE,LICO076,LICOR,1.1
KARAT,VODK018,VODKA,0.95
KETEL ONE,VODK019,VODKA,0.95
KRAKEN,RONE043,RON,0.95
KRAKEN GHOST WHITE,RONE044,RON,0.95
LA PENCA ARTESANAL,MEZC039,MEZCAL,0.95
LA PINTA,LICO077,LICOR,1.1
LABEL 5,WHIS089,WHISKY,0.95
LAGUNA SECA BLANCO,MEZC040,MEZCAL,0.95
LAPHROAIG 10,WHIS090,WHISKY,0.95
LARIOS,GINE020,GINEBRA,0.95
LARIOS 12,GINE021,GINEBRA,0.95
LARIOS ROSE,GINE022,GINEBRA,0.95
LAS CADENAS,LICO115,LICOR,1.1
LEGENDARIO DOMINGO,MEZC041,MEZCAL,0.95
LEGENDARY SCOTT,WHIS091,WHISKY,0.95
LEPANTO,BRAN014,BRANDY,0.95
LEYENDA DEL MILAGRO AÑEJO,TEQU144,TEQUILA,0.95
LEYENDA DEL MILAGRO BLANCO,TEQU145,TEQUILA,0.95
LEYENDA DEL MILAGRO REPOSADO,TEQU146,TEQUILA,0.95
LICOR 43,LICO080,LICOR,1.1
LICOR 43 OROCHATA,LICO081,LICOR,1.1
LIMONCELLO CARAVELLA,LICO082,LICOR,1.1
LITHUANIAN,VODK020,VODKA,0.95
LOS ABUELOS BLANCO,TEQU147,TEQUILA,0.95
LOS ABUELOS BLANCO STILL STRENGTH,TEQU148,TEQUILA,0.95
LOS ABUELOS REPOSADO,TEQU149,TEQUILA,0.95
LOS CHAMUCOS AÑEJO,TEQU150,TEQUILA,0.95
LOS CHAMUCOS BLANCO,TEQU151,TEQUILA,0.95
LOS CHAMUCOS REPOSADO,TEQU152,TEQUILA,0.95
LOS DANZANTES AÑEJO,MEZC042,MEZCAL,0.95
LOS DANZANTES JOVEN,MEZC043,MEZCAL,0.95
LOS DANZANTES REPOSADO,MEZC044,MEZCAL,0.95
MAESTRO DOBEL 50 CRISTALINO,TEQU153,TEQUILA,0.95
MAESTRO DOBEL 50 EXTRA AÑEJO,TEQU154,TEQUILA,0.95
MAESTRO DOBEL DIAMANTE,TEQU155,TEQUILA,0.95
MAESTRO TEQUILERO AÑEJO,TEQU156,TEQUILA,0.95
MAESTRO TEQUILERO BLANCO,TEQU157,TEQUILA,0.95
MAESTRO TEQUILERO HUMITO BLANCO,TEQU158,TEQUILA,0.95
MAESTRO TEQUILERO REPOSADO,TEQU159,TEQUILA,0.95
MAGNO OSBORNE,BRAN015,BRANDY,0.95
MAKERS MARK ,WHIS092,WHISKY,0.95
MALIBU,RONE045,RON,0.95
MANDARINE NAPOLEON,LICO083,LICOR,1.1
MARCA NEGRA ESPADIN,MEZC045,MEZCAL,0.95
MARCA NEGRA SAN MARTIN,MEZC046,MEZCAL,0.95
MARCA NEGRA TEPEZTATE,MEZC047,MEZCAL,0.95
MARCA NEGRA TOBALA,MEZC048,MEZCAL,0.95
MARCAVIDAS AFRODISIACO,MEZC049,MEZCAL,0.95
MARCAVIDAS PREMIUM,MEZC050,MEZCAL,0.95
MARQUES SALMIANA PLATA,MEZC051,MEZCAL,0.95
MARQUES SALMIANA REPOSADO,MEZC052,MEZCAL,0.95
MARTELL CORDON BLEU,CONA009,COGNAC,0.95
MARTELL VS,CONA010,COGNAC,0.95
MARTELL VSOP,CONA011,COGNAC,0.95
MARTELL XO,CONA012,COGNAC,0.95
MARTINI BIANCO,LICO084,LICOR,1.1
MARTINI EXTRA DRY,LICO085,LICOR,1.1
MARTINI ROSSO,LICO086,LICOR,1.1
MATUSALEM CLASICO,RONE046,RON,0.95
MATUSALEM GRAN RESERVA 15,RONE047,RON,0.95
MATUSALEM GRAN RESERVA 18,RONE048,RON,0.95
MATUSALEM GRAN RESERVA 23,RONE049,RON,0.95
MATUSALEM PLATINO,RONE050,RON,0.95
MC ANDREWS,WHIS093,WHISKY,0.95
MC CARTHYS,WHIS094,WHISKY,0.95
MC HARRISON,WHIS095,WHISKY,0.95
METEORO,MEZC053,MEZCAL,0.95
MEZCALIA JOVEN,MEZC054,MEZCAL,0.95
MIDORI,LICO087,LICOR,1.1
MIL DIABLOS JOVEN ESPADIN,MEZC055,MEZCAL,0.95
MILES LONDON DRY,GINE023,GINEBRA,0.95
MINA DEL EDEN REPOSADO,MEZC056,MEZCAL,0.95
MOM,GINE024,GINEBRA,0.95
MOMBASA CLUB,GINE025,GINEBRA,0.95
MONKEY 47,GINE026,GINEBRA,0.95
MONKEY SHOULDER,WHIS096,WHISKY,0.95
MONTELOBOS ENSAMBLE,MEZC057,MEZCAL,0.95
MONTELOBOS ESPADIN,MEZC058,MEZCAL,0.95
MONTELOBOS TOBALA,MEZC059,MEZCAL,0.95
MUESTRA NUMERO OCHO AÑEJO,TEQU160,TEQUILA,0.95
MUESTRA NUMERO OCHO PLATA,TEQU161,TEQUILA,0.95
MUESTRA NUMERO OCHO REPOSADO,TEQU162,TEQUILA,0.95
NAPOLEON GRAN RESERVA,BRAN016,BRANDY,0.95
NAYAA AROMAS DE GUERRERO,MEZC060,MEZCAL,0.95
NAYAA CRIOLLO,MEZC061,MEZCAL,0.95
NAYAA CUPREATA,MEZC062,MEZCAL,0.95
NAYAA DE MI TIERRA,MEZC063,MEZCAL,0.95
NAYAA WEBER,MEZC064,MEZCAL,0.95
NEW AMSTERDAM CITRON,VODK021,VODKA,0.95
NEW AMSTERDAM COCONUT,VODK022,VODKA,0.95
NEW AMSTERDAM ORIGINAL,VODK023,VODKA,0.95
OJO DE TIGRE,MEZC084,MEZCAL,0.95
OLD SMUGGLER BLENDED,WHIS097,WHISKY,0.95
OLD SMUGGLER FINEST,WHIS098,WHISKY,0.95
OLMECA ALTOS BLANCO,TEQU163,TEQUILA,0.95
OLMECA ALTOS REPOSADO,TEQU164,TEQUILA,0.95
OPIHR ORIENTAL SPICED,GINE027,GINEBRA,0.95
ORENDAIN ALMENDRADO,LICO088,LICOR,1.1
ORENDAIN BLANCO,TEQU165,TEQUILA,0.95
ORENDAIN EXTRA REPOSADO,TEQU166,TEQUILA,0.95
ORENDAIN MEMBRILLO,LICO089,LICOR,1.1
ORENDAIN OLLITAS BLANCO,TEQU167,TEQUILA,0.95
ORENDAIN OLLITAS REPOSADO,TEQU168,TEQUILA,0.95
ORGULLO PUEBLO VIEJO AÑEJO,TEQU169,TEQUILA,0.95
ORGULLO PUEBLO VIEJO BLANCO,TEQU170,TEQUILA,0.95
ORGULLO PUEBLO VIEJO REPOSADO,TEQU171,TEQUILA,0.95
OSO NEGRO GINEBRA,GINE028,GINEBRA,0.95
OSO NEGRO VODKA,VODK024,VODKA,0.95
PAMA,LICO090,LICOR,1.1
PARTIDA AÑEJO,TEQU172,TEQUILA,0.95
PARTIDA BLANCO,TEQU173,TEQUILA,0.95
PARTIDA REPOSADO,TEQU174,TEQUILA,0.95
PASCALI ROJO,LICO091,LICOR,1.1
PASSPORT,WHIS099,WHISKY,0.95
PATRON AÑEJO,TEQU175,TEQUILA,0.95
PATRON BLANCO,TEQU176,TEQUILA,0.95
PATRON BURDEOS EXTRA AÑEJO,TEQU177,TEQUILA,0.95
PATRON CITRONGE,LICO092,LICOR,1.1
PATRON DARK COCOA,LICO093,LICOR,1.1
PATRON PIEDRA EXTRA AÑEJO,TEQU178,TEQUILA,0.95
PATRON PLATINUM BLANCO,TEQU179,TEQUILA,0.95
PATRON REPOSADO,TEQU180,TEQUILA,0.95
PATRON ROCA SILVER,TEQU181,TEQUILA,0.95
PATRON XO CAFE,LICO094,LICOR,1.1
PELOTON DE LA MUERTE,MEZC065,MEZCAL,0.95
PERNOD,LICO095,LICOR,1.1
PESCADOR DE SUEÑOS COYOTE,MEZC066,MEZCAL,0.95
PETROV,VODK025,VODKA,0.95
PINNACLE,VODK026,VODKA,0.95
PINNACLE CHOCOLATE WHIPPED,VODK027,VODKA,0.95
PINNACLE ORANGE WHIPPED,VODK028,VODKA,0.95
PINNACLE WHIPPED,VODK029,VODKA,0.95
PLUM DEW,LICO096,LICOR,1.1
POLIAKOV,VODK030,VODKA,0.95
PRESIDENTE CLASICO,BRAN017,BRANDY,0.95
PRESIDENTE SOLERA,BRAN018,BRANDY,0.95
PUEBLO NUEVO PLATA,TEQU182,TEQUILA,0.95
PUEBLO VIEJO AÑEJO,TEQU183,TEQUILA,0.95
PUEBLO VIEJO BLANCO,TEQU184,TEQUILA,0.95
PUEBLO VIEJO CANELA,TEQU185,TEQUILA,0.95
PUEBLO VIEJO REPOSADO,TEQU186,TEQUILA,0.95
PURA SANGRE AÑEJO,TEQU187,TEQUILA,0.95
PURA SANGRE BLANCO,TEQU188,TEQUILA,0.95
PURA SANGRE REPOSADO,TEQU189,TEQUILA,0.95
RAMOS PINTO TAWNY,LICO116,LICOR,1.1
REAL DE MAGUEYES AÑEJO,MEZC067,MEZCAL,0.95
REAL DE MAGUEYES BLANCO,MEZC068,MEZCAL,0.95
RECUERDO DE OAXACA BLANCO,MEZC069,MEZCAL,0.95
REMY MARTIN 1738,CONA015,COGNAC,0.95
REMY MARTIN LOUIS XIII,CONA016,COGNAC,0.95
REMY MARTIN VSOP,CONA013,COGNAC,0.95
REMY MARTIN XO,CONA014,COGNAC,0.95
RESERVA DE LOS GONZALEZ AÑEJO,TEQU190,TEQUILA,0.95
RESERVA DE LOS GONZALEZ BLANCO,TEQU191,TEQUILA,0.95
RESERVA DE LOS GONZALEZ EXTRA AÑEJO CRISTALINO,TEQU192,TEQUILA,0.95
RESERVA DE LOS GONZALEZ REPOSADO,TEQU193,TEQUILA,0.95
RESERVA DEL SEÑOR REPOSADO,TEQU194,TEQUILA,0.95
REY SOL AÑEJO,TEQU195,TEQUILA,0.95
RICARD,LICO097,LICOR,1.1
RIVES LONDON DRY,GINE029,GINEBRA,0.95
RIVES PINK,GINE030,GINEBRA,0.95
RIVES SPECIAL,GINE031,GINEBRA,0.95
ROMATE,BRAN019,BRANDY,0.95
ROYAL SALUTE 21,WHIS100,WHISKY,0.95
ROYAL SALUTE 38,WHIS101,WHISKY,0.95
ROYAL SALUTE HUNDRED CASK,WHIS102,WHISKY,0.95
RUM CHATA,RONE051,RON,0.95
RUSSIAN STD ORIGINAL,VODK031,VODKA,0.95
SAILOR JERRY,RONE052,RON,0.95
SAMBUCA CONTI,LICO098,LICOR,1.1
SAMBUCA NERO CONTI,LICO099,LICOR,1.1
SAMBUCA ROMANA,LICO100,LICOR,1.1
SAMBUCA ROMANA BLACK,LICO101,LICOR,1.1
SAN MATIAS CRISTAL,TEQU196,TEQUILA,0.95
SAN MATIAS GRAN RESERVA BLANCO,TEQU197,TEQUILA,0.95
SAN MATIAS GRAN RESERVA EXTRA AÑEJO,TEQU198,TEQUILA,0.95
SAN MATIAS LEGADO REPOSADO,TEQU199,TEQUILA,0.95
SAN MATIAS TAHONA BLANCO,TEQU200,TEQUILA,0.95
SANTA PEDRERA,MEZC070,MEZCAL,0.95
SAUZA CONMEMORATIVO AÑEJO,TEQU201,TEQUILA,0.95
SAUZA CONMEMORATIVO PLATA,TEQU202,TEQUILA,0.95
SAUZA CONMEMORATIVO REPOSADO,TEQU203,TEQUILA,0.95
SAUZA HACIENDA REPOSADO,TEQU204,TEQUILA,0.95
SAUZA HACIENDA REPOSADO BLACK,TEQU205,TEQUILA,0.95
SAUZA HORNITOS AÑEJO,TEQU206,TEQUILA,0.95
SAUZA HORNITOS BLACK BARREL AÑEJO,TEQU207,TEQUILA,0.95
SAUZA HORNITOS CRISTALINO REPOSADO,TEQU208,TEQUILA,0.95
SAUZA HORNITOS HONEY SPICED,TEQU209,TEQUILA,0.95
SAUZA HORNITOS PLATA,TEQU210,TEQUILA,0.95
SAUZA HORNITOS REPOSADO,TEQU211,TEQUILA,0.95
SAUZA TRES GENERACIONES AÑEJO,TEQU212,TEQUILA,0.95
SAUZA TRES GENERACIONES BLANCO,TEQU213,TEQUILA,0.95
SAUZA TRES GENERACIONES CRISTALINO,TEQU214,TEQUILA,0.95
SAUZA TRES GENERACIONES REPOSADO,TEQU215,TEQUILA,0.95
SAUZA XA EXTRA AÑEJO,TEQU216,TEQUILA,0.95
SENGETSU KOME SHOCHU,LICO102,LICOR,1.1
SHERIDANS,LICO103,LICOR,1.1
SIETE MISTERIOS DOBA YEJ,MEZC071,MEZCAL,0.95
SIETE MISTERIOS ESPADIN,MEZC072,MEZCAL,0.95
SISCA CASSIS,LICO104,LICOR,1.1
SKYY,VODK032,VODKA,0.95
SKYY CITRUS,VODK033,VODKA,0.95
SKYY RASPBERRY,VODK034,VODKA,0.95
SKYY VANILLA BEAN,VODK035,VODKA,0.95
SMIRNOFF,VODK036,VODKA,0.95
SMIRNOFF ELECTRIC APPLE,VODK037,VODKA,0.95
SMIRNOFF ELECTRIC BERRY,VODK038,VODKA,0.95
SMIRNOFF TAMARINDO,VODK039,VODKA,0.95
SPERONE MARSALA DULCE,LICO105,LICOR,1.1
SPERONE MARSALA SECO,LICO106,LICOR,1.1
ST GERMAIN,LICO107,LICOR,1.1
ST REMY VSOP NAPOLEON,BRAN020,BRANDY,0.95
ST REMY XO NAPOLEAON,BRAN021,BRANDY,0.95
STAR OF BOMBAY,GINE032,GINEBRA,0.95
STOLICHNAYA,VODK040,VODKA,0.95
STOLICHNAYA ELITE,VODK041,VODKA,0.95
STOLICHNAYA GLUTEN FREE,VODK042,VODKA,0.95
STOLICHNAYA OHRANJ,VODK043,VODKA,0.95
STOLICHNAYA RAZBERI,VODK044,VODKA,0.95
STREGA,LICO108,LICOR,1.1
SVEDKA,VODK045,VODKA,0.95
TALISKER 10,WHIS103,WHISKY,0.95
TANQUERAY,GINE033,GINEBRA,0.95
TANQUERAY FLOR DE SEVILLA,GINE039,GINEBRA,0.95
TANQUERAY RANGPUR,GINE034,GINEBRA,0.95
TANQUERAY STERLING,VODK046,VODKA,0.95
TANQUERAY TEN,GINE035,GINEBRA,0.95
TAPATIO AÑEJO,TEQU217,TEQUILA,0.95
TAPATIO BLANCO,TEQU218,TEQUILA,0.95
TAPATIO REPOSADO,TEQU219,TEQUILA,0.95
TEKALI AMARETTO,LICO109,LICOR,1.1
TEKALI CAFE,LICO110,LICOR,1.1
TERRY 1900,BRAN022,BRANDY,0.95
TERRY CENTENARIO,BRAN023,BRANDY,0.95
THE BALVENIE 12,WHIS104,WHISKY,0.95
THE BALVENIE 14,WHIS105,WHISKY,0.95
THE BOTANIST,GINE036,GINEBRA,0.95
THE FAMOUS GROUSE,WHIS106,WHISKY,0.95
THE GIN FACTORY,GINE037,GINEBRA,0.95
THE GLENLIVET 12,WHIS107,WHISKY,0.95
THE GLENLIVET 15,WHIS108,WHISKY,0.95
THE GLENLIVET 18,WHIS109,WHISKY,0.95
THE GLENLIVET 21,WHIS110,WHISKY,0.95
THE GLENLIVET 25,WHIS112,WHISKY,0.95
THE GLENLIVET 25,WHIS111,WHISKY,0.95
THE GLENLIVET CAPTAINS RESERVE,WHIS113,WHISKY,0.95
THE GLENLIVET FOUNDERS RESERVE,WHIS114,WHISKY,0.95
THE LONDON NO 1,GINE038,GINEBRA,0.95
THE MACALLAN 12,WHIS115,WHISKY,0.95
THE MACALLAN 18,WHIS116,WHISKY,0.95
THE MACALLAN 21,WHIS117,WHISKY,0.95
THE MACALLAN 25,WHIS118,WHISKY,0.95
THE MACALLAN AMBER,WHIS119,WHISKY,0.95
THE MACALLAN DOUBLE CASK,WHIS120,WHISKY,0.95
THE MACALLAN EDITION 3,WHIS121,WHISKY,0.95
THE MACALLAN EDITION 4,WHIS122,WHISKY,0.95
THE MACALLAN M,WHIS123,WHISKY,0.95
THE MACALLAN NO 6,WHIS124,WHISKY,0.95
THE MACALLAN RARE CASK,WHIS125,WHISKY,0.95
THE MACALLAN REFLEXION,WHIS126,WHISKY,0.95
THE MACALLAN SIENNA,WHIS127,WHISKY,0.95
THE SINGLETON 12 DUFFTOWN,WHIS128,WHISKY,0.95
THE SINGLETON 12 GLENDULLAN,WHIS129,WHISKY,0.95
THE SINGLETON 15 DUFFTOWN,WHIS130,WHISKY,0.95
TIERRA NOBLE AÑEJO,TEQU220,TEQUILA,0.95
TIERRA NOBLE BLANCO,TEQU221,TEQUILA,0.95
TIERRA NOBLE CRISTALINO,TEQU222,TEQUILA,0.95
TIERRA NOBLE EXTRA AÑEJO,TEQU223,TEQUILA,0.95
TIERRA NOBLE REPOSADO,TEQU224,TEQUILA,0.95
TITLAN ESPADIN 38,MEZC073,MEZCAL,0.95
TITLAN ESPADIN 45,MEZC074,MEZCAL,0.95
TITLAN JABALI 38,MEZC075,MEZCAL,0.95
TITOS,VODK047,VODKA,0.95
TORRES 10,BRAN024,BRANDY,0.95
TORRES 10 MAGNUM,BRAN025,BRANDY,0.95
TORRES 15,BRAN026,BRANDY,0.95
TORRES 20,BRAN027,BRANDY,0.95
TORRES 5,BRAN028,BRANDY,0.95
TORRES 5 MAGNUM,BRAN029,BRANDY,0.95
TORRES JAIME I,BRAN030,BRANDY,0.95
TORRES RESERVA DEL MAMUT,BRAN031,BRANDY,0.95
TORRES SPICED,BRAN032,BRANDY,0.95
TRIBAL ENSAMBLE,MEZC076,MEZCAL,0.95
TRIBAL JOVEN,MEZC077,MEZCAL,0.95
TROMBA BLANCO,TEQU225,TEQUILA,0.95
TROMBA REPOSADO,TEQU226,TEQUILA,0.95
UNION EL VIEJO,MEZC078,MEZCAL,0.95
UNION UNO,MEZC079,MEZCAL,0.95
VACCARI,LICO111,LICOR,1.1
VACCARI NERO,LICO112,LICOR,1.1
VAT 69,WHIS131,WHISKY,0.95
VERDE MOMENTO ESPADIN,MEZC080,MEZCAL,0.95
VIEJO INDECENTE,MEZC081,MEZCAL,0.95
WILD TURKEY,WHIS132,WHISKY,0.95
WILD TURKEY 101,WHIS133,WHISKY,0.95
WILD TURKEY RYE,WHIS134,WHISKY,0.95
WILLIAM LAWSONS ,WHIS135,WHISKY,0.95
WOODFORD RESERVE,WHIS136,WHISKY,0.95
WOODFORD RESERVE DOUBLE BLACK,WHIS137,WHISKY,0.95
WYBOROWA,VODK048,VODKA,0.95
X RATED,LICO113,LICOR,1.1
XICOTE BLANCO,TEQU227,TEQUILA,0.95
XICOTE REPOSADO,TEQU228,TEQUILA,0.95
ZACAPA AMBAR 12,RONE053,RON,0.95
ZACAPA CENTENARIO 23,RONE054,RON,0.95
ZACAPA CENTENARIO XO,RONE055,RON,0.95
ZIGNUM JOVEN,MEZC082,MEZCAL,0.95
ZIGNUM REPOSADO,MEZC083,MEZCAL,0.95
ZOCO,LICO114,LICOR,1.1
ZUBROWKA,VODK049,VODKA,0.95
